plot_id,exposure_count,exposure_probability
2126665,0,0.0
2126666,0,0.0
1702213,15,0.075
2181240,0,0.0
2192912,0,0.0
2133953,0,0.0
725635,0,0.0
797539,0,0.0
733842,19,0.095
1886152,0,0.0
2126669,22,0.11
2126668,11,0.055
2126670,11,0.055
2126671,0,0.0
1181593,0,0.0
2238389,0,0.0
2238393,0,0.0
380644,0,0.0
965486,0,0.0
964581,0,0.0
1304679,0,0.0
858991,0,0.0
883889,0,0.0
858988,0,0.0
705285,0,0.0
1616143,0,0.0
999744,0,0.0
2238392,0,0.0
380643,0,0.0
1306975,0,0.0
1292220,0,0.0
958417,0,0.0
858986,0,0.0
2176950,0,0.0
1330334,0,0.0
1326111,0,0.0
687402,0,0.0
1852925,0,0.0
1075035,0,0.0
1113501,0,0.0
1689871,0,0.0
964583,0,0.0
